<application>
  <component name="ProjectManager">
    <defaultProject>
      <component name="ProjectInspectionProfilesVisibleTreeState">
        <entry key="Project Default">
          <profile-state>
            <expanded-state>
              <State />
              <State>
                <id>Declaration redundancyJava</id>
              </State>
              <State>
                <id>JVM languages</id>
              </State>
              <State>
                <id>Java</id>
              </State>
              <State>
                <id>Java 9Java language level migration aidsJava</id>
              </State>
              <State>
                <id>Java language level migration aidsJava</id>
              </State>
              <State>
                <id>VisibilityJava</id>
              </State>
            </expanded-state>
            <selected-state>
              <State>
                <id>Ant</id>
              </State>
            </selected-state>
          </profile-state>
        </entry>
      </component>
      <component name="PropertiesComponent">{
  &quot;keyToString&quot;: {
    &quot;settings.editor.selected.configurable&quot;: &quot;preferences.pluginManager&quot;
  }
}</component>
      <component name="WindowStateProjectService">
        <state x="409" y="148" key="SettingsEditor" timestamp="1674259897276">
          <screen x="0" y="44" width="1800" height="1055" />
        </state>
        <state x="409" y="148" key="SettingsEditor/0.44.1800.1055/-311.-1415.2560.1415" timestamp="1674259897276" />
      </component>
    </defaultProject>
  </component>
</application>