<application>
  <component name="StringManipulationState">
    <option name="lastActionModel">
      <UniversalActionModel>
        <option name="actionClassName" value="osmedile.intellij.stringmanip.styles.ToLowerCaseAction" />
        <option name="description" value="To lower case" />
        <option name="textWithMnemonic" value="To lower case" />
      </UniversalActionModel>
    </option>
    <option name="sortSettingsMap">
      <map>
        <entry key="SortAction">
          <value>
            <SortSettings />
          </value>
        </entry>
      </map>
    </option>
  </component>
</application>